1000120001,Ansi C,E. Balagurusamy
1000120002,Ansi C,E. Balagurusamy
1000120003,Ansi C,E. Balagurusamy
1000120004,Ansi C,E. Balagurusamy
1000120005,Ansi C,E. Balagurusamy
1000120006,Ansi C,E. Balagurusamy
1000120007,Data Structure,D. Samanta
1000120008,Data Structure,D. Samanta
1000120009,Data Structure,D. Samanta
1000120010,Data Structure,D. Samanta
1000120011,Digital Electronics,Salivahanan
1000120012,Digital Electronics,Salivahanan
1000120013,Digital Electronics,Salivahanan
1000120014,Digital Electronics,Salivahanan
1000120015,Discrete Mathematical structures,J. P. Trembly
1000120016,Discrete Mathematical structures,J. P. Trembly
1000120017,Discrete Mathematical structures,J. P. Trembly
1000120018,Discrete Mathematical structures,J. P. Trembly
1000120019,Discrete Mathematical structures,J. P. Trembly
1000120020,Introduction to Graph theory,Robin. J.Wilson
1000120021,Introduction to Graph theory,Robin. J.Wilson
1000120022,Introduction to Graph theory,Robin. J.Wilson
1422030129,JavaDurga,Javian
142203005,Harry:Magician,J.K.Rowling
